region,year,invest_total_mln_rub,sports_facilities_count,sports_facilities_per_10k_rural_pop,sports_schools_count,retail_shops_count,retail_shops_per_10k_rural_pop,catering_units_count,catering_units_per_10k_rural_pop,service_units_count,service_units_per_10k_rural_pop,household_service_points_count,household_service_points_per_10k_rural_pop,post_offices_count,post_offices_per_10k_rural_pop,housing_input_total_thousand_m2,housing_input_individual_share_percent,waste_removal_objects_count,container_sites_count,length_streets_total_km,length_streets_hard_surface_km,length_local_roads_km,length_hard_surface_roads_km,natural_resource_enterprises_count,natural_resource_enterprises_per_10k_rural_pop,fixed_assets_total_mln_rub,fixed_assets_per_capita_rub,housing_stock_total,housing_stock_per_capita,infrastructure_stock_total,infrastructure_stock_per_capita,health_facilities_count,health_facilities_per_10k_rural_pop,tourist_beds_count,tourist_beds_per_10k_rural_pop
01000000000 - Алтайский край,2023,,,,,,,,,,,,,,,,,,,,,,,375.0,92.0,,,,,,,,,,
03000000000 - Краснодарский край,2023,,,,,,,,,,,,,,,,,,,,,,,746.0,714.0,,,,,,,,,,
04000000000 - Красноярский край,2023,,,,,,,,,,,,,,,,,,,,,,,355.0,228.0,,,,,,,,,,
05000000000 - Приморский край,2023,,,,,,,,,,,,,,,,,,,,,,,99.0,71.0,,,,,,,,,,
08000000000 - Хабаровский край,2023,,,,,,,,,,,,,,,,,,,,,,,194.0,129.0,,,,,,,,,,
10000000000 - Амурская область,2023,,,,,,,,,,,,,,,,,,,,,,,74.0,12.0,,,,,,,,,,
11000000000 - Архангельская область,2023,,,,,,,,,,,,,,,,,,,,,,,43.0,13.0,,,,,,,,,,
11001000000 - Архангельская область (кроме Ненецкого автономного округа),2023,,,,,,,,,,,,,,,,,,,,,,,25.0,2.0,,,,,,,,,,
11100000000 - Ненецкий автономный округ (Архангельская область),2023,,,,,,,,,,,,,,,,,,,,,,,18.0,11.0,,,,,,,,,,
12000000000 - Астраханская область,2023,,,,,,,,,,,,,,,,,,,,,,,161.0,29.0,,,,,,,,,,
14000000000 - Белгородская область,2023,,,,,,,,,,,,,,,,,,,,,,,222.0,110.0,,,,,,,,,,
15000000000 - Брянская область,2023,,,,,,,,,,,,,,,,,,,,,,,165.0,60.0,,,,,,,,,,
17000000000 - Владимирская область,2023,,,,,,,,,,,,,,,,,,,,,,,132.0,90.0,,,,,,,,,,
18000000000 - Волгоградская область,2023,,,,,,,,,,,,,,,,,,,,,,,279.0,84.0,,,,,,,,,,
19000000000 - Вологодская область,2023,,,,,,,,,,,,,,,,,,,,,,,43.0,18.0,,,,,,,,,,
20000000000 - Воронежская область,2023,,,,,,,,,,,,,,,,,,,,,,,327.0,81.0,,,,,,,,,,
24000000000 - Ивановская область,2023,,,,,,,,,,,,,,,,,,,,,,,98.0,58.0,,,,,,,,,,
25000000000 - Иркутская область,2023,,,,,,,,,,,,,,,,,,,,,,,404.0,290.0,,,,,,,,,,
26000000000 - Республика Ингушетия,2023,,,,,,,,,,,,,,,,,,,,,,,46.0,38.0,,,,,,,,,,
28000000000 - Тверская область,2023,,,,,,,,,,,,,,,,,,,,,,,72.0,50.0,,,,,,,,,,
29000000000 - Калужская область,2023,,,,,,,,,,,,,,,,,,,,,,,131.0,53.0,,,,,,,,,,
30000000000 - Камчатский край,2023,,,,,,,,,,,,,,,,,,,,,,,57.0,36.0,,,,,,,,,,
32000000000 - Кемеровская область - Кузбасс,2023,,,,,,,,,,,,,,,,,,,,,,,2.0,,,,,,,,,,,
33000000000 - Кировская область,2023,,,,,,,,,,,,,,,,,,,,,,,177.0,64.0,,,,,,,,,,
34000000000 - Костромская область,2023,,,,,,,,,,,,,,,,,,,,,,,150.0,66.0,,,,,,,,,,
35000000000 - Республика Крым,2023,,,,,,,,,,,,,,,,,,,,,,,292.0,203.0,,,,,,,,,,
36000000000 - Самарская область,2023,,,,,,,,,,,,,,,,,,,,,,,128.0,4.0,,,,,,,,,,
37000000000 - Курганская область,2023,,,,,,,,,,,,,,,,,,,,,,,24.0,,,,,,,,,,,
38000000000 - Курская область,2023,,,,,,,,,,,,,,,,,,,,,,,125.0,82.0,,,,,,,,,,
41000000000 - Ленинградская область,2023,,,,,,,,,,,,,,,,,,,,,,,168.0,85.0,,,,,,,,,,
42000000000 - Липецкая область,2023,,,,,,,,,,,,,,,,,,,,,,,267.0,152.0,,,,,,,,,,
47000000000 - Мурманская область,2023,,,,,,,,,,,,,,,,,,,,,,,13.0,9.0,,,,,,,,,,
49000000000 - Новгородская область,2023,,,,,,,,,,,,,,,,,,,,,,,48.0,16.0,,,,,,,,,,
50000000000 - Новосибирская область,2023,,,,,,,,,,,,,,,,,,,,,,,490.0,174.0,,,,,,,,,,
52000000000 - Омская область,2023,,,,,,,,,,,,,,,,,,,,,,,441.0,179.0,,,,,,,,,,
53000000000 - Оренбургская область,2023,,,,,,,,,,,,,,,,,,,,,,,459.0,258.0,,,,,,,,,,
54000000000 - Орловская область,2023,,,,,,,,,,,,,,,,,,,,,,,106.0,23.0,,,,,,,,,,
56000000000 - Пензенская область,2023,,,,,,,,,,,,,,,,,,,,,,,72.0,43.0,,,,,,,,,,
58000000000 - Псковская область,2023,,,,,,,,,,,,,,,,,,,,,,,21.0,2.0,,,,,,,,,,
60000000000 - Ростовская область,2023,,,,,,,,,,,,,,,,,,,,,,,740.0,617.0,,,,,,,,,,
61000000000 - Рязанская область,2023,,,,,,,,,,,,,,,,,,,,,,,161.0,87.0,,,,,,,,,,
63000000000 - Саратовская область,2023,,,,,,,,,,,,,,,,,,,,,,,349.0,212.0,,,,,,,,,,
65000000000 - Свердловская область,2023,,,,,,,,,,,,,,,,,,,,,,,55.0,46.0,,,,,,,,,,
66000000000 - Смоленская область,2023,,,,,,,,,,,,,,,,,,,,,,,134.0,58.0,,,,,,,,,,
68000000000 - Тамбовская область,2023,,,,,,,,,,,,,,,,,,,,,,,241.0,30.0,,,,,,,,,,
69000000000 - Томская область,2023,,,,,,,,,,,,,,,,,,,,,,,200.0,66.0,,,,,,,,,,
70000000000 - Тульская область,2023,,,,,,,,,,,,,,,,,,,,,,,117.0,42.0,,,,,,,,,,
71000000000 - Тюменская область,2023,,,,,,,,,,,,,,,,,,,,,,,252.0,52.0,,,,,,,,,,
71001000000 - Тюменская область (кроме Ханты-Мансийского автономного округа-Югры и Ямало-Ненецкого автономного округа),2023,,,,,,,,,,,,,,,,,,,,,,,163.0,19.0,,,,,,,,,,
71100000000 - Ханты-Мансийский автономный округ - Югра (Тюменская область),2023,,,,,,,,,,,,,,,,,,,,,,,89.0,33.0,,,,,,,,,,
73000000000 - Ульяновская область,2023,,,,,,,,,,,,,,,,,,,,,,,167.0,43.0,,,,,,,,,,
75000000000 - Челябинская область,2023,,,,,,,,,,,,,,,,,,,,,,,472.0,358.0,,,,,,,,,,
76000000000 - Забайкальский край,2023,,,,,,,,,,,,,,,,,,,,,,,255.0,149.0,,,,,,,,,,
77000000000 - Чукотский автономный округ,2023,,,,,,,,,,,,,,,,,,,,,,,17.0,2.0,,,,,,,,,,
78000000000 - Ярославская область,2023,,,,,,,,,,,,,,,,,,,,,,,199.0,93.0,,,,,,,,,,
79000000000 - Республика Адыгея (Адыгея),2023,,,,,,,,,,,,,,,,,,,,,,,78.0,67.0,,,,,,,,,,
80000000000 - Республика Башкортостан,2023,,,,,,,,,,,,,,,,,,,,,,,826.0,391.0,,,,,,,,,,
81000000000 - Республика Бурятия,2023,,,,,,,,,,,,,,,,,,,,,,,316.0,235.0,,,,,,,,,,
82000000000 - Республика Дагестан,2023,,,,,,,,,,,,,,,,,,,,,,,636.0,573.0,,,,,,,,,,
83000000000 - Кабардино-Балкарская Республика,2023,,,,,,,,,,,,,,,,,,,,,,,142.0,11.0,,,,,,,,,,
84000000000 - Республика Алтай,2023,,,,,,,,,,,,,,,,,,,,,,,136.0,37.0,,,,,,,,,,
85000000000 - Республика Калмыкия,2023,,,,,,,,,,,,,,,,,,,,,,,91.0,67.0,,,,,,,,,,
86000000000 - Республика Карелия,2023,,,,,,,,,,,,,,,,,,,,,,,80.0,19.0,,,,,,,,,,
87000000000 - Республика Коми,2023,,,,,,,,,,,,,,,,,,,,,,,158.0,83.0,,,,,,,,,,
88000000000 - Республика Марий Эл,2023,,,,,,,,,,,,,,,,,,,,,,,156.0,67.0,,,,,,,,,,
89000000000 - Республика Мордовия,2023,,,,,,,,,,,,,,,,,,,,,,,112.0,45.0,,,,,,,,,,
90000000000 - Республика Северная Осетия-Алания,2023,,,,,,,,,,,,,,,,,,,,,,,93.0,85.0,,,,,,,,,,
91000000000 - Карачаево-Черкесская Республика,2023,,,,,,,,,,,,,,,,,,,,,,,103.0,82.0,,,,,,,,,,
92000000000 - Республика Татарстан (Татарстан),2023,,,,,,,,,,,,,,,,,,,,,,,891.0,655.0,,,,,,,,,,
93000000000 - Республика Тыва,2023,,,,,,,,,,,,,,,,,,,,,,,151.0,118.0,,,,,,,,,,
95000000000 - Республика Хакасия,2023,,,,,,,,,,,,,,,,,,,,,,,143.0,70.0,,,,,,,,,,
96000000000 - Чеченская Республика,2023,,,,,,,,,,,,,,,,,,,,,,,293.0,292.0,,,,,,,,,,
98000000000 - Республика Саха (Якутия),2023,,,,,,,,,,,,,,,,,,,,,,,470.0,289.0,,,,,,,,,,
99000000000 - Еврейская автономная область,2023,,,,,,,,,,,,,,,,,,,,,,,36.0,23.0,,,,,,,,,,
Алтайский край,2021,,,,,,,,,,,,,,,,,,,,,,,,,,,,,,,,,289.0,5892.0
Алтайский край,2022,577071.0,3328.0,3205.0,36.0,,,127.0,4699.0,,,31.0,1.0,1494.0,1454.0,216485.0,,1415.55,183.97,20163.2,3512.1,31059.8,15077.8,388.0,93.0,42.0,597.0,1252.0,23278.0,454.0,8172.0,1074.0,,295.0,5796.0
Алтайский край,2023,553333.0,,,,,,,,,,,,,,,,,,,,31078.8,15083.6,,,42.0,597.0,1252.0,23278.0,454.0,8172.0,,,330.0,6803.0
Алтайский край,2024,656641.0,3303.0,3184.0,35.0,,,,,,,12.0,1.0,,,,,1447.2788,170.6622,20057.8,4155.56,30039.4,13875.0,366.0,25368.0,,,,,,,1048.0,,334.0,7095.0
Амурская область,2021,,,,,,,,,,,,,,,,,,,,,,,,,,,,,,,,,23.0,412.0
Амурская область,2022,790392.0,1216.0,1191.0,8.0,,,50.0,1638.0,,,6.0,,515.0,435.0,146303.0,,487.17,108.03,4536.9,1981.5,5743.7,3405.3,129.0,37.0,149.0,1217.0,1785.0,59175.0,744.0,33741.0,357.0,,19.0,315.0
Амурская область,2023,92982.0,,,,,,,,,,,,,,,,,,,,5026.4,3408.1,,,149.0,1217.0,1785.0,59175.0,744.0,33741.0,,,52.0,606.0
Амурская область,2024,209854.0,1338.0,1304.0,9.0,,,,,,,23.0,2.0,,,,,699.0617,144.526,4887.5,2304.163,4966.6,3325.1,55.0,2083.0,,,,,,,347.0,,61.0,784.0
Архангельская область,2021,,,,,,,,,,,,,,,,,,,,,,,,,,,,,,,,,50.0,1134.0
Архангельская область,2022,342896.0,922.0,821.0,8.0,,,27.0,1049.0,,,37.0,4.0,3316.0,2680.0,129785.0,,626.78,93.45,5689.0,3004.6,9749.7,3196.1,46.0,13.0,42.0,555.0,1828.0,23274.0,750.0,9503.0,550.0,,48.0,990.0
Архангельская область,2023,89438.0,,,,,,,,,,,,,,,,,,,,9746.1,3187.5,,,42.0,555.0,1828.0,23274.0,750.0,9503.0,,,92.0,1558.0
Архангельская область,2024,48354.0,913.0,807.0,8.0,,,,,,,39.0,1.0,,,,,782.65,90.48,6071.9,3168.8,9618.3,3195.7,34.0,1645.0,,,,,,,524.0,,94.0,1617.0
Архангельская область (кроме Hенецкого автономного округа),2022,,,,,,,,,,,,,,,,,,,,,,,,,30.0,452.0,1547.0,20418.0,639.0,7800.0,,,,
Архангельская область (кроме Hенецкого автономного округа),2023,,,,,,,,,,,,,,,,,,,,,,,,,30.0,452.0,1547.0,20418.0,639.0,7800.0,,,,
Архангельская область (кроме Ненецкого автономного округа),2021,,,,,,,,,,,,,,,,,,,,,,,,,,,,,,,,,49.0,
Архангельская область (кроме Ненецкого автономного округа),2022,309185.0,870.0,798.0,8.0,,,26.0,999.0,,,26.0,3.0,3284.0,2643.0,120415.0,,587.98,88.73,5532.2,2883.4,9684.6,3168.8,29.0,2.0,,,,,,,513.0,,46.0,
Архангельская область (кроме Ненецкого автономного округа),2023,42095.0,,,,,,,,,,,,,,,,,,,,9681.0,3160.2,,,,,,,,,,,86.0,1494.0
Архангельская область (кроме Ненецкого автономного округа),2024,13430.0,863.0,784.0,8.0,,,,,,,28.0,1.0,,,,,758.0,86.84,5887.8,3016.3,9553.2,3167.9,16.0,1055.0,,,,,,,488.0,,85.0,1543.0
Астраханская область,2021,,,,,,,,,,,,,,,,,,,,,,,,,,,,,,,,,168.0,2873.0
Астраханская область,2022,45632.0,668.0,655.0,4.0,,,63.0,1799.0,,,24.0,1.0,347.0,320.0,91772.0,,603.19,65.62,3139.3,977.5,2767.6,777.6,160.0,29.0,42.0,269.0,814.0,6302.0,380.0,2716.0,242.0,,170.0,2894.0
Астраханская область,2023,378435.0,,,,,,,,,,,,,,,,,,,,3029.3,904.9,,,42.0,269.0,814.0,6302.0,380.0,2716.0,,,216.0,3392.0
Астраханская область,2024,524748.0,674.0,661.0,4.0,,,,,,,31.0,,,,,,534.9045,62.9228,3262.9,1061.05,3050.8,913.2,161.0,11147.0,,,,,,,245.0,,240.0,3888.0
Белгородская область,2021,,,,,,,,,,,,,,,,,,,,,,,,,,,,,,,,,18.0,507.0
Белгородская область,2022,525815.0,3195.0,3110.0,15.0,,,134.0,2634.0,,,17.0,3.0,1487.0,1313.0,473329.0,,1603.11,459.81,12501.3,9106.3,10590.9,9054.6,221.0,112.0,12.0,486.0,218.0,21440.0,61.0,13970.0,649.0,,18.0,509.0
Белгородская область,2023,273363.0,,,,,,,,,,,,,,,,,,,,11746.9,10208.1,,,12.0,486.0,218.0,21440.0,61.0,13970.0,,,65.0,1827.0
Белгородская область,2024,343171.0,3139.0,3060.0,14.0,,,,,,,23.0,4.0,,,,,1534.264,317.1366,12036.4,9647.448,10814.1,9597.4,217.0,8986.0,,,,,,,677.0,,72.0,1990.0
Брянская область,2021,,,,,,,,,,,,,,,,,,,,,,,,,,,,,,,,,37.0,1160.0
Брянская область,2022,241226.0,1452.0,1410.0,14.0,,,31.0,888.0,,,11.0,2.0,2419.0,1981.0,169954.0,,750.54,130.79,8931.2,3842.8,7193.1,2795.5,171.0,60.0,30.0,271.0,492.0,10880.0,255.0,4604.0,651.0,,46.0,1453.0
Брянская область,2023,179951.0,,,,,,,,,,,,,,,,,,,,8490.5,3415.5,,,30.0,271.0,492.0,10880.0,255.0,4604.0,,,59.0,1600.0
Брянская область,2024,228052.0,1251.0,1217.0,12.0,,,,,,,12.0,,,,,,957.2352,135.0419,8589.6,4030.9,8583.0,3443.0,165.0,4671.0,,,,,,,645.0,,58.0,1580.0
Владимирская область,2021,,,,,,,,,,,,,,,,,,,,,,,,,,,,,,,,,76.0,3014.0
Владимирская область,2022,686936.0,1240.0,1106.0,2.0,,,40.0,1779.0,,,12.0,2.0,2312.0,1502.0,234121.0,,1053.38,125.27,5682.6,4732.9,6868.0,3012.5,139.0,98.0,30.0,315.0,718.0,7781.0,356.0,2638.0,388.0,,78.0,3170.0
Владимирская область,2023,265540.0,,,,,,,,,,,,,,,,,,,,7060.1,3448.9,,,30.0,315.0,718.0,7781.0,356.0,2638.0,,,90.0,3509.0
Владимирская область,2024,262692.0,1219.0,1102.0,2.0,,,,,,,10.0,2.0,,,,,1694.75,288.2043,5638.9,4726.909,7136.5,3523.2,127.0,6797.0,,,,,,,388.0,,95.0,3631.0
Волгоградская область,2021,,,,,,,,,,,,,,,,,,,,,,,,,,,,,,,,,141.0,3768.0
Волгоградская область,2022,521658.0,2026.0,1964.0,16.0,,,171.0,5602.0,,,21.0,1.0,1340.0,1217.0,89083.0,,1411.2,120.53,15453.5,7050.9,24009.5,4136.4,274.0,85.0,21.0,395.0,786.0,16586.0,303.0,5856.0,852.0,,139.0,3774.0
Волгоградская область,2023,385736.0,,,,,,,,,,,,,,,,,,,,26325.0,4283.1,,,21.0,395.0,786.0,16586.0,303.0,5856.0,,,180.0,4473.0
Волгоградская область,2024,410013.0,2046.0,1981.0,16.0,,,,,,,20.0,1.0,,,,,1163.5803,103.7847,16335.3,7315.55,29311.8,4975.2,273.0,11429.0,,,,,,,850.0,,195.0,4709.0
Вологодская область,2021,,,,,,,,,,,,,,,,,,,,,,,,,,,,,,,,,103.0,2287.0
Вологодская область,2022,671976.0,911.0,800.0,7.0,,,45.0,2072.0,,,15.0,2.0,6593.0,5076.0,163343.0,,618.2,222.03,9054.1,7224.4,14880.6,4500.0,200.0,81.0,18.0,317.0,408.0,10265.0,169.0,3607.0,537.0,,107.0,2330.0
Вологодская область,2023,80313.0,,,,,,,,,,,,,,,,,,,,14376.5,3838.1,,,18.0,317.0,408.0,10265.0,169.0,3607.0,,,118.0,2516.0
Вологодская область,2024,51963.0,1005.0,926.0,9.0,,,,,,,30.0,4.0,,,,,331.0567,90.9262,9392.2,7804.084,14242.8,4010.7,28.0,2010.0,,,,,,,561.0,,132.0,2747.0
Воронежская область,2021,,,,,,,,,,,,,,,,,,,,,,,,,,,,,,,,,71.0,2212.0
Воронежская область,2022,730649.0,3286.0,3213.0,27.0,,,86.0,1826.0,,,80.0,6.0,1545.0,1455.0,855031.0,,2164.16,462.46,15759.8,10418.8,16421.5,8711.8,327.0,89.0,18.0,454.0,500.0,15844.0,309.0,8531.0,815.0,,80.0,2384.0
Воронежская область,2023,650506.0,,,,,,,,,,,,,,,,,,,,16396.1,9378.7,,,18.0,454.0,500.0,15844.0,309.0,8531.0,,,101.0,2933.0
Воронежская область,2024,586082.0,3303.0,3235.0,27.0,,,,,,,73.0,4.0,,,,,2211.5846,422.2841,16343.3,11631.026,16358.9,9789.5,313.0,17002.0,,,,,,,836.0,,119.0,3327.0
Еврейская автономная область,2021,,,,,,,,,,,,,,,,,,,,,,,,,,,,,,,,,6.0,97.0
Еврейская автономная область,2022,14922.0,262.0,244.0,6.0,,,,,,,1.0,,88.0,81.0,12837.0,,117.36,40.43,1077.8,357.2,1294.2,1194.7,37.0,23.0,2.0,89.0,42.0,3986.0,19.0,2280.0,82.0,,7.0,99.0
Еврейская автономная область,2023,7954.0,,,,,,,,,,,,,,,,,,,,1334.4,1278.7,,,2.0,89.0,42.0,3986.0,19.0,2280.0,,,12.0,421.0
Еврейская автономная область,2024,27187.0,283.0,269.0,10.0,,,,,,,6.0,1.0,,,,,109.7904,39.8492,1037.1,364.584,1336.1,1280.5,35.0,1403.0,,,,,,,83.0,,12.0,423.0
Забайкальский край,2021,,,,,,,,,,,,,,,,,,,,,,,,,,,,,,,,,60.0,1133.0
Забайкальский край,2022,293761.0,1009.0,941.0,53.0,,,24.0,980.0,,,42.0,2.0,705.0,629.0,48652.0,,461.75,86.08,7153.4,1183.8,11826.7,4605.8,303.0,199.0,19.0,380.0,481.0,11737.0,235.0,4295.0,570.0,,63.0,1230.0
Забайкальский край,2023,63919.0,,,,,,,,,,,,,,,,,,,,11775.8,4932.1,,,19.0,380.0,481.0,11737.0,235.0,4295.0,,,119.0,2453.0
Забайкальский край,2024,143311.0,1043.0,979.0,53.0,,,,,,,35.0,2.0,,,,,361.1864,100.111,9124.0,1401.019,11913.5,4972.2,225.0,8580.0,,,,,,,542.0,,132.0,2779.0
Ивановская область,2021,,,,,,,,,,,,,,,,,,,,,,,,,,,,,,,,,33.0,1332.0
Ивановская область,2022,187000.0,667.0,590.0,3.0,,,13.0,391.0,,,8.0,1.0,2578.0,1667.0,190828.0,,422.94,83.39,3399.1,1826.9,5686.8,2046.4,99.0,59.0,26.0,69.0,407.0,2275.0,182.0,623.0,289.0,,22.0,1010.0
Ивановская область,2023,173641.0,,,,,,,,,,,,,,,,,,,,5777.1,2090.6,,,26.0,69.0,407.0,2275.0,182.0,623.0,,,26.0,1278.0
Ивановская область,2024,215708.0,715.0,637.0,3.0,,,,,,,7.0,,,,,,579.647,95.505,3561.2,2174.714,5803.0,2100.3,95.0,3489.0,,,,,,,322.0,,27.0,1330.0
Иркутская область,2021,,,,,,,,,,,,,,,,,,,,,,,,,,,,,,,,,141.0,3159.0
Иркутская область,2022,5606148.0,1377.0,1296.0,39.0,,,78.0,2284.0,,,16.0,1.0,1301.0,746.0,652933.0,,772.17,967.77,9686.2,4951.3,10738.0,6952.1,397.0,292.0,6.0,955.0,181.0,14909.0,77.0,6994.0,741.0,,151.0,3349.0
Иркутская область,2023,850673.0,,,,,,,,,,,,,,,,,,,,10894.2,7222.1,,,6.0,955.0,181.0,14909.0,77.0,6994.0,,,214.0,5799.0
Иркутская область,2024,835412.0,1714.0,1605.0,46.0,,,,,,,54.0,3.0,,,,,2244.6931,1077.0977,31765.4,9591.612,10513.4,7223.7,404.0,20232.0,,,,,,,776.0,,223.0,6061.0
Кабардино-Балкарская Республика,2021,,,,,,,,,,,,,,,,,,,,,,,,,,,,,,,,,111.0,2655.0
Кабардино-Балкарская Республика,2022,131800.0,638.0,622.0,30.0,,,16.0,382.0,,,26.0,1.0,163.0,160.0,208508.0,,333.74,92.76,4346.1,1590.3,5265.5,3395.4,143.0,10.0,20.0,316.0,457.0,7076.0,281.0,3613.0,146.0,,126.0,2953.0
Кабардино-Балкарская Республика,2023,591400.0,,,,,,,,,,,,,,,,,,,,5390.8,3443.9,,,20.0,316.0,457.0,7076.0,281.0,3613.0,,,157.0,3153.0
Кабардино-Балкарская Республика,2024,76771.0,635.0,604.0,24.0,,,,,,,31.0,1.0,,,,,550.6488,226.4962,4576.7,1653.46,5647.5,3716.4,143.0,16546.0,,,,,,,147.0,,164.0,3358.0
Калининградская область,2022,483791.0,546.0,538.0,,,,24.0,529.0,,,,,1065.0,950.0,389830.0,,117.05,22.71,2198.9,933.6,2898.1,1839.9,,,22.0,75.0,841.0,2037.0,369.0,750.0,251.0,,,
Калининградская область,2023,,,,,,,,,,,,,,,,,,,,,2798.7,1714.8,,,22.0,75.0,841.0,2037.0,369.0,750.0,,,91.0,1710.0
Калининградская область,2024,,544.0,526.0,1.0,,,,,,,6.0,,,,,,16.2,4.1,2306.2,1085.94,2824.4,1718.0,,,,,,,,,263.0,,102.0,1940.0
Калужская область,2021,,,,,,,,,,,,,,,,,,,,,,,,,,,,,,,,,73.0,2711.0
Калужская область,2022,283852.0,829.0,793.0,24.0,,,20.0,630.0,,,4.0,1.0,2760.0,2133.0,154863.0,,958.33,171.31,5063.0,2716.0,8857.3,3482.3,133.0,53.0,21.0,312.0,371.0,9025.0,211.0,4590.0,361.0,,75.0,2674.0
Калужская область,2023,338405.0,,,,,,,,,,,,,,,,,,,,9295.1,3712.9,,,21.0,312.0,371.0,9025.0,211.0,4590.0,,,88.0,2761.0
Калужская область,2024,377910.0,903.0,857.0,19.0,,,,,,,6.0,1.0,,,,,913.9546,143.9625,5471.6,3157.81,9402.7,3771.3,130.0,5235.0,,,,,,,379.0,,96.0,2848.0
Камчатский край,2021,,,,,,,,,,,,,,,,,,,,,,,,,,,,,,,,,38.0,884.0
Камчатский край,2022,628066.0,241.0,230.0,7.0,,,16.0,272.0,,,2.0,1.0,68.0,77.0,31599.0,,179.69,42.04,614.0,349.9,600.8,436.4,57.0,37.0,69.0,435.0,997.0,12865.0,524.0,6565.0,67.0,,33.0,882.0
Камчатский край,2023,430273.0,,,,,,,,,,,,,,,,,,,,651.9,437.6,,,69.0,435.0,997.0,12865.0,524.0,6565.0,,,45.0,1104.0
Камчатский край,2024,519761.0,284.0,270.0,8.0,,,,,,,2.0,1.0,,,,,255.376,56.242,634.8,384.1,669.5,445.3,50.0,2416.0,,,,,,,71.0,,50.0,1244.0
Карачаево-Черкесская Республика,2021,,,,,,,,,,,,,,,,,,,,,,,,,,,,,,,,,50.0,1473.0
Карачаево-Черкесская Республика,2022,4352.0,364.0,350.0,21.0,,,10.0,284.0,,,2.0,,126.0,114.0,31278.0,,328.79,75.83,3657.2,873.3,4084.0,2417.9,107.0,84.0,1.0,239.0,27.0,6455.0,10.0,2526.0,124.0,,88.0,2186.0
Карачаево-Черкесская Республика,2023,40508.0,,,,,,,,,,,,,,,,,,,,4264.6,2522.1,,,1.0,239.0,27.0,6455.0,10.0,2526.0,,,136.0,3324.0
Карачаево-Черкесская Республика,2024,100296.0,374.0,360.0,22.0,,,,,,,6.0,1.0,,,,,421.5396,98.204,3868.4,1152.86,4276.3,2524.4,103.0,8987.0,,,,,,,141.0,,159.0,3766.0
Кемеровская область,2022,1025348.0,2182.0,2135.0,22.0,,,21.0,549.0,,,22.0,5.0,799.0,763.0,247103.0,,865.71,167.99,8744.5,4974.7,,,,,9.0,304.0,,7480.0,99.0,3286.0,586.0,,,
Кемеровская область,2023,777.0,,,,,,,,,,,,,,,,,,,,,,,,9.0,304.0,,7480.0,99.0,3286.0,,,,
Кемеровская область,2024,934.0,2146.0,2087.0,17.0,,,,,,,33.0,2.0,,,,,1172.6287,268.4422,8655.0,5047.82,,,,,,,,,,,537.0,,,
Кемеровская область - Кузбасс,2021,,,,,,,,,,,,,,,,,,,,,,,,,,,,,,,,,16.0,593.0
Кемеровская область - Кузбасс,2022,,,,,,,,,,,,,,,,,,,,,8762.3,7481.1,25.0,20.0,,,128.0,,,,,,11.0,432.0
Кемеровская область - Кузбасс,2023,,,,,,,,,,,,,,,,,,,,,9026.8,7658.0,,,,,128.0,,,,,,132.0,3940.0
Кемеровская область - Кузбасс,2024,,,,,,,,,,,,,,,,,,,,,9087.2,7702.8,2.0,27.0,,,,,,,,,161.0,4388.0
Кировская область,2021,,,,,,,,,,,,,,,,,,,,,,,,,,,,,,,,,51.0,2054.0
Кировская область,2022,45627.0,863.0,764.0,5.0,,,45.0,1523.0,,,8.0,,2791.0,2371.0,176034.0,,403.02,58.42,6741.0,3044.1,17477.8,7964.4,197.0,70.0,3.0,176.0,94.0,13630.0,31.0,6147.0,650.0,,53.0,2097.0
Кировская область,2023,56457.0,,,,,,,,,,,,,,,,,,,,17549.8,8015.5,,,3.0,176.0,94.0,13630.0,31.0,6147.0,,,94.0,2922.0
Кировская область,2024,60445.0,1308.0,1120.0,24.0,,,,,,,21.0,1.0,,,,,852.8972,95.4403,8338.8,4406.439,17643.6,8059.5,172.0,3833.0,,,,,,,744.0,,110.0,3111.0
Костромская область,2021,,,,,,,,,,,,,,,,,,,,,,,,,,,,,,,,,31.0,1338.0
Костромская область,2022,333909.0,530.0,497.0,8.0,,,16.0,352.0,,,3.0,1.0,2178.0,1804.0,130129.0,,410.44,93.92,4004.6,2486.8,8270.3,3289.4,159.0,71.0,22.0,78.0,525.0,2975.0,305.0,697.0,321.0,,28.0,1308.0
Костромская область,2023,168511.0,,,,,,,,,,,,,,,,,,,,8427.8,3369.8,,,22.0,78.0,525.0,2975.0,305.0,697.0,,,35.0,1672.0
Костромская область,2024,519419.0,458.0,428.0,8.0,,,,,,,3.0,1.0,,,,,419.9519,124.3231,3318.5,2150.675,8410.2,3374.7,119.0,3346.0,,,,,,,255.0,,47.0,1844.0
Краснодарский край,2021,,,,,,,,,,,,,,,,,,,,,,,,,,,,,,,,,623.0,19318.0
Краснодарский край,2022,2678251.0,5703.0,4908.0,89.0,,,522.0,14213.0,,,74.0,10.0,1641.0,1602.0,868336.0,,3660.27,719.3,21758.8,11288.9,23470.4,17134.0,746.0,716.0,117.0,1960.0,2653.0,55090.0,1113.0,27964.0,1125.0,,598.0,19265.0
Краснодарский край,2023,3547216.0,,,,,,,,,,,,,,,,,,,,22730.1,17268.7,,,117.0,1960.0,2653.0,55090.0,1113.0,27964.0,,,2172.0,95026.0
Краснодарский край,2024,3111879.0,5687.0,5023.0,94.0,,,,,,,81.0,9.0,,,,,4801.14,950.6985,23350.0,13204.95,22832.6,17553.1,743.0,67638.0,,,,,,,1180.0,,2379.0,95961.0
Красноярский край,2021,,,,,,,,,,,,,,,,,,,,,,,,,,,,,,,,,128.0,4341.0
Красноярский край,2022,1685503.0,2607.0,2482.0,39.0,,,95.0,2388.0,,,25.0,5.0,1550.0,1345.0,356466.0,,1126.29,230.54,11416.0,8186.8,12910.2,9303.0,368.0,232.0,305.0,737.0,4198.0,24473.0,2185.0,10924.0,1064.0,,135.0,4336.0
Красноярский край,2023,750603.0,,,,,,,,,,,,,,,,,,,,12949.1,9335.1,,,305.0,737.0,4198.0,24473.0,2185.0,10924.0,,,194.0,5434.0
Красноярский край,2024,889758.0,2764.0,2623.0,42.0,,,,,,,35.0,4.0,,,,,1264.9619,283.5417,11353.4,8458.1,12930.5,9543.7,353.0,20419.0,,,,,,,1067.0,,219.0,6124.0
Курганская область,2021,,,,,,,,,,,,,,,,,,,,,,,,,,,,,,,,,36.0,
Курганская область,2022,87877.0,1726.0,1647.0,17.0,,,46.0,1988.0,,,9.0,1.0,1146.0,965.0,102837.0,,571.93,76.58,6383.5,4268.9,6691.9,2095.6,102.0,16.0,7.0,300.0,179.0,13531.0,98.0,4238.0,556.0,,37.0,
Курганская область,2023,2749.0,,,,,,,,,,,,,,,,,,,,6711.0,2086.5,,,7.0,300.0,179.0,13531.0,98.0,4238.0,,,62.0,2198.0
Курганская область,2024,,1599.0,1526.0,17.0,,,,,,,25.0,2.0,,,,,503.61,91.76,6437.0,4320.2,6629.6,2158.9,,,,,,,,,540.0,,64.0,2302.0
Курская область,2021,,,,,,,,,,,,,,,,,,,,,,,,,,,,,,,,,48.0,1252.0
Курская область,2022,592889.0,1264.0,1209.0,17.0,,,22.0,1058.0,,,7.0,1.0,2546.0,2102.0,228415.0,,702.15,92.86,9038.8,2847.9,8511.8,2922.3,127.0,82.0,10.0,222.0,409.0,8756.0,184.0,3301.0,638.0,,51.0,1247.0
Курская область,2023,362542.0,,,,,,,,,,,,,,,,,,,,8335.0,2892.9,,,10.0,222.0,409.0,8756.0,184.0,3301.0,,,61.0,1437.0
Курская область,2024,185685.0,1108.0,1052.0,14.0,,,,,,,10.0,1.0,,,,,705.4793,116.0953,9007.7,2867.07,7813.9,2680.1,79.0,2574.0,,,,,,,546.0,,66.0,1551.0
Ленинградская область,2021,,,,,,,,,,,,,,,,,,,,,,,,,,,,,,,,,149.0,5939.0
Ленинградская область,2022,1387205.0,1590.0,1424.0,3.0,,,111.0,2589.0,,,58.0,3.0,2808.0,2556.0,1569339.0,,649.39,128.24,7920.2,5121.8,7660.6,4214.7,168.0,86.0,51.0,570.0,788.0,12391.0,489.0,5859.0,336.0,,150.0,5837.0
Ленинградская область,2023,888955.0,,,,,,,,,,,,,,,,,,,,7759.8,4266.2,,,51.0,570.0,788.0,12391.0,489.0,5859.0,,,239.0,10248.0
Ленинградская область,2024,1494394.0,2008.0,1819.0,3.0,,,,,,,63.0,5.0,,,,,647.9961,131.0413,8587.8,5987.3915,7814.2,4440.4,163.0,17639.0,,,,,,,415.0,,266.0,11073.0
Липецкая область,2021,,,,,,,,,,,,,,,,,,,,,,,,,,,,,,,,,55.0,2056.0
Липецкая область,2022,742867.0,2483.0,2392.0,17.0,,,39.0,736.0,,,171.0,8.0,1406.0,1265.0,364737.0,,898.81,157.8,7570.3,4980.5,9114.6,6717.8,263.0,155.0,17.0,367.0,302.0,14160.0,158.0,6731.0,484.0,,55.0,1738.0
Липецкая область,2023,763034.0,,,,,,,,,,,,,,,,,,,,9007.9,6775.9,,,17.0,367.0,302.0,14160.0,158.0,6731.0,,,60.0,2011.0
Липецкая область,2024,443159.0,2480.0,2415.0,20.0,,,,,,,149.0,4.0,,,,,1245.467,218.76,7911.8,5550.5,8958.5,6855.8,206.0,7838.0,,,,,,,491.0,,85.0,2331.0
Магаданская область,2022,266197.0,258.0,245.0,9.0,,,2.0,32.0,,,11.0,1.0,29.0,32.0,2722.0,,314.63,60.71,463.3,160.7,525.4,482.5,,,1.0,47.0,11.0,1974.0,7.0,1163.0,15.0,,,
Магаданская область,2023,,,,,,,,,,,,,,,,,,,,,516.5,441.4,,,1.0,47.0,11.0,1974.0,7.0,1163.0,,,4.0,36.0
Магаданская область,2024,,216.0,202.0,7.0,,,,,,,2.0,,,,,,84.75,21.854,343.9,123.1,450.4,384.6,,,,,,,,,14.0,,4.0,42.0
Московская область,2022,2362990.0,3130.0,2462.0,11.0,,,234.0,6894.0,,,209.0,14.0,4209.0,2811.0,4965403.0,,4182.22,657.45,14914.9,5636.4,17168.2,10594.4,,,178.0,1605.0,2675.0,42258.0,1384.0,24552.0,588.0,,,
Московская область,2023,,,,,,,,,,,,,,,,,,,,,17958.6,11560.0,,,178.0,1605.0,2675.0,42258.0,1384.0,24552.0,,,486.0,33524.0
Московская область,2024,,4495.0,3695.0,15.0,,,,,,,318.0,33.0,,,,,9786.2421,1557.9082,19845.9,12803.324,19032.2,12081.5,,,,,,,,,1224.0,,540.0,35996.0
Муниципальные образования Архангельской области (кроме муниципальных образований Ненецкого автономного округа),2023,,858.0,783.0,8.0,,,,,,,,,,,,,891.713,155.187,5932.0,2928.8,,,,,,,,,,,515.0,,,
Муниципальные образования Белгородской области,2023,,3141.0,3067.0,14.0,,,,,,,,,,,,,1447.739,356.8682,12405.7,9695.8,,,,,,,,,,,679.0,,,
Муниципальные образования Еврейской автономной области,2023,,259.0,242.0,10.0,,,,,,,,,,,,,100.526,37.7805,1048.8,319.9,,,,,,,,,,,83.0,,,
Муниципальные образования Ненецкого автономного округа,2023,,52.0,23.0,,,,,,,,,,,,,,40.06,3.75,184.1,151.7,,,,,,,,,,,37.0,,,
Муниципальные образования Нижегородской области,2023,,2271.0,2058.0,19.0,,,,,,,,,,,,,2417.2774,246.6565,13720.4,9607.2,,,,,,,,,,,1032.0,,,
Муниципальные образования Новгородской области,2023,,855.0,810.0,18.0,,,,,,,,,,,,,443.6658,68.2512,3734.1,3142.417,,,,,,,,,,,311.0,,,
Муниципальные образования Тюменской области (кроме муниципальных образований Ханты-Мансийского автономного округа - Югра и муниципальных образований Ямало-Ненецкого автономного округа),2023,,1915.0,1783.0,22.0,,,,,,,,,,,,,594.325,115.248,7008.6,5481.584,,,,,,,,,,,655.0,,,
Муниципальные образования Чукотского автономного округа,2023,,68.0,68.0,5.0,,,,,,,,,,,,,43.211,9.513,251.8,146.8,,,,,,,,,,,39.0,,,
Муниципальные образования города Москвы,2023,,,,,,,,,,,,,,,,,642.89,160.225,,,,,,,,,,,,,50.0,,,
Муниципальные образования города Москвы (столицы Российской Федерации города федерального значения),2023,,282.0,67.0,3.0,,,,,,,,,,,,,,,157.1,154.0,,,,,,,,,,,,,,
Муниципальные образования города федерального значения Севастополя,2023,,21.0,17.0,,,,,,,,,,,,,,,,0.3,,,,,,,,,,,,8.0,,,
"Муниципальные округа, городские округа Ямало-Ненецкого автономного округа",2023,,432.0,373.0,9.0,,,,,,,,,,,,,344.572,61.402,501.4,400.8,,,,,,,,,,,62.0,,,
Муниципальные районы и городские округа Ханты-Мансийского автономного округа - Югры,2023,,1067.0,981.0,13.0,,,,,,,,,,,,,716.3135,96.5806,1942.3,1549.0,,,,,,,,,,,151.0,,,
Мурманская область,2021,,,,,,,,,,,,,,,,,,,,,,,,,,,,,,,,,29.0,292.0
Мурманская область,2022,214706.0,323.0,312.0,3.0,,,4.0,123.0,,,1.0,,60.0,66.0,7187.0,,286.08,44.55,297.7,242.6,364.2,272.0,14.0,10.0,7.0,57.0,130.0,2684.0,83.0,1257.0,58.0,,32.0,405.0
Мурманская область,2023,35784.0,,,,,,,,,,,,,,,,,,,,366.2,274.4,,,7.0,57.0,130.0,2684.0,83.0,1257.0,,,72.0,974.0
Мурманская область,2024,67312.0,369.0,355.0,2.0,,,,,,,4.0,,,,,,234.876,31.9266,317.5,258.62,379.0,278.1,14.0,720.0,,,,,,,70.0,,82.0,1078.0
Ненецкий автономный округ,2021,,,,,,,,,,,,,,,,,,,,,,,,,,,,,,,,,1.0,
Ненецкий автономный округ,2022,,,,,,,,,,,,,,,,,,,,,65.1,27.3,,,12.0,103.0,281.0,2857.0,111.0,1703.0,,,2.0,
Ненецкий автономный округ,2023,,,,,,,,,,,,,,,,,,,,,65.1,27.3,,,12.0,103.0,281.0,2857.0,111.0,1703.0,,,6.0,64.0
Ненецкий автономный округ,2024,,,,,,,,,,,,,,,,,,,,,65.1,27.8,,,,,,,,,,,9.0,74.0
Ненецкий автономный округ (Архангельская область),2022,33711.0,52.0,23.0,,,,1.0,50.0,,,11.0,1.0,32.0,37.0,9370.0,,38.8,4.72,156.8,121.2,,,17.0,11.0,,,,,,,37.0,,,
Ненецкий автономный округ (Архангельская область),2023,47343.0,,,,,,,,,,,,,,,,,,,,,,,,,,,,,,,,,
Ненецкий автономный округ (Архангельская область),2024,34924.0,50.0,23.0,,,,,,,,11.0,,,,,,24.65,3.64,184.1,152.5,,,18.0,590.0,,,,,,,36.0,,,
Нижегородская область,2021,,,,,,,,,,,,,,,,,,,,,,,,,,,,,,,,,93.0,3988.0
Нижегородская область,2022,935661.0,2263.0,2048.0,23.0,,,48.0,1293.0,,,41.0,5.0,4072.0,3563.0,762269.0,,2204.0,208.55,13565.5,9173.6,13970.7,5554.9,207.0,159.0,42.0,465.0,922.0,18302.0,458.0,8653.0,1025.0,,96.0,4133.0
Нижегородская область,2023,,,,,,,,,,,,,,,,,,,,,14098.1,5758.9,,,42.0,465.0,922.0,18302.0,458.0,8653.0,,,223.0,8048.0
Нижегородская область,2024,,2313.0,2113.0,19.0,,,,,,,66.0,5.0,,,,,2826.899,224.9411,13719.8,9660.9,14282.6,6056.1,,,,,,,,,1021.0,,242.0,8468.0
Новгородская область,2021,,,,,,,,,,,,,,,,,,,,,,,,,,,,,,,,,29.0,814.0
Новгородская область,2022,122101.0,831.0,789.0,19.0,,,16.0,321.0,,,32.0,4.0,3266.0,2762.0,184125.0,,379.71,56.95,3904.3,2996.2,5409.3,1892.7,48.0,18.0,8.0,175.0,156.0,6205.0,48.0,2381.0,294.0,,41.0,1016.0
Новгородская область,2023,60514.0,,,,,,,,,,,,,,,,,,,,5529.3,1688.0,,,8.0,175.0,156.0,6205.0,48.0,2381.0,,,71.0,1588.0
Новгородская область,2024,56498.0,856.0,812.0,18.0,,,,,,,28.0,4.0,,,,,433.3981,59.1962,3748.7,3118.435,5523.7,1665.9,38.0,2961.0,,,,,,,305.0,,82.0,1768.0
Новосибирская область,2021,,,,,,,,,,,,,,,,,,,,,,,,,,,,,,,,,116.0,4555.0
Новосибирская область,2022,628792.0,1457.0,1431.0,15.0,,,76.0,2524.0,,,20.0,2.0,1322.0,1277.0,463355.0,,1045.9,169.35,7498.4,5288.9,8885.6,4910.9,493.0,179.0,198.0,420.0,5016.0,14085.0,2725.0,5951.0,921.0,,120.0,4183.0
Новосибирская область,2023,823300.0,,,,,,,,,,,,,,,,,,,,9018.7,5028.5,,,198.0,420.0,5016.0,14085.0,2725.0,5951.0,,,141.0,4529.0
Новосибирская область,2024,943908.0,2021.0,1904.0,29.0,,,,,,,22.0,2.0,,,,,2235.5673,388.487,8741.7,6390.459,9213.5,5216.5,479.0,17132.0,,,,,,,983.0,,149.0,4805.0
Омская область,2021,,,,,,,,,,,,,,,,,,,,,,,,,,,,,,,,,58.0,2245.0
Омская область,2022,500960.0,2675.0,2495.0,11.0,,,38.0,1428.0,,,19.0,,1407.0,1357.0,226989.0,,1565.75,329.09,8408.2,5500.9,10920.3,4611.9,449.0,180.0,8.0,449.0,279.0,12090.0,114.0,3327.0,953.0,,58.0,2571.0
Омская область,2023,275996.0,,,,,,,,,,,,,,,,,,,,10997.3,4641.6,,,8.0,449.0,279.0,12090.0,114.0,3327.0,,,117.0,4357.0
Омская область,2024,311935.0,2673.0,2499.0,12.0,,,,,,,17.0,1.0,,,,,2000.12,278.61,8385.7,5818.5,11059.3,4715.5,411.0,16808.0,,,,,,,947.0,,121.0,4195.0
Оренбургская область,2021,,,,,,,,,,,,,,,,,,,,,,,,,,,,,,,,,82.0,1432.0
Оренбургская область,2022,728110.0,3132.0,3031.0,57.0,,,69.0,2611.0,,,9.0,4.0,1505.0,1425.0,233549.0,,771.04,206.25,9097.9,7157.5,9281.3,5621.1,472.0,266.0,111.0,760.0,2298.0,23870.0,1233.0,12350.0,1043.0,,79.0,1233.0
Оренбургская область,2023,482095.0,,,,,,,,,,,,,,,,,,,,9002.9,5349.4,,,111.0,760.0,2298.0,23870.0,1233.0,12350.0,,,97.0,1695.0
Оренбургская область,2024,773731.0,3125.0,3007.0,73.0,,,,,,,8.0,4.0,,,,,940.1368,263.1977,8780.4,7180.79,8711.9,5202.2,451.0,23406.0,,,,,,,1019.0,,97.0,1716.0
Орловская область,2021,,,,,,,,,,,,,,,,,,,,,,,,,,,,,,,,,34.0,995.0
Орловская область,2022,64690.0,587.0,565.0,6.0,,,13.0,269.0,,,1.0,,2583.0,2216.0,170345.0,,276.12,36.08,6368.1,959.3,11648.0,4869.2,110.0,24.0,1.0,179.0,46.0,6489.0,15.0,3025.0,454.0,,17.0,334.0
Орловская область,2023,47031.0,,,,,,,,,,,,,,,,,,,,11725.2,4915.5,,,1.0,179.0,46.0,6489.0,15.0,3025.0,,,46.0,1047.0
Орловская область,2024,50633.0,737.0,703.0,11.0,,,,,,,10.0,,,,,,706.2503,132.6534,7222.9,1359.11,11911.4,5030.6,104.0,1928.0,,,,,,,470.0,,45.0,1004.0
Пензенская область,2021,,,,,,,,,,,,,,,,,,,,,,,,,,,,,,,,,39.0,1192.0
Пензенская область,2022,582423.0,2123.0,2056.0,35.0,,,29.0,943.0,,,15.0,4.0,1281.0,1106.0,366031.0,,821.91,137.38,7788.5,4303.2,9651.2,6141.6,70.0,43.0,27.0,407.0,664.0,10565.0,257.0,4302.0,625.0,,62.0,1533.0
Пензенская область,2023,412069.0,,,,,,,,,,,,,,,,,,,,9878.7,5980.0,,,27.0,407.0,664.0,10565.0,257.0,4302.0,,,76.0,1853.0
Пензенская область,2024,302387.0,2225.0,2142.0,35.0,,,,,,,14.0,2.0,,,,,1409.3413,244.766,8233.8,4558.682,10048.3,6106.0,69.0,9343.0,,,,,,,609.0,,73.0,1898.0
Пермский край,2021,,,,,,,,,,,,,,,,,,,,,,,,,,,,,,,,,45.0,2237.0
Пермский край,2022,950122.0,2076.0,1979.0,11.0,,,138.0,4054.0,,,73.0,15.0,3224.0,2910.0,791171.0,,2426.61,263.1,13931.4,8049.0,20959.9,12221.7,13.0,10.0,69.0,660.0,1424.0,28628.0,631.0,12617.0,818.0,,37.0,2164.0
Пермский край,2023,,,,,,,,,,,,,,,,,,,,,20959.6,12621.6,,,69.0,660.0,1424.0,28628.0,631.0,12617.0,,,167.0,4781.0
Пермский край,2024,,2252.0,2122.0,4.0,,,,,,,104.0,14.0,,,,,2690.21,338.9,13408.5,8322.8,21409.1,14005.8,,,,,,,,,834.0,,176.0,4955.0
Приморский край,2021,,,,,,,,,,,,,,,,,,,,,,,,,,,,,,,,,52.0,945.0
Приморский край,2022,458713.0,1464.0,1326.0,15.0,,,84.0,3474.0,,,20.0,4.0,547.0,518.0,214001.0,,870.76,117.54,6242.4,772.2,5722.2,4606.1,116.0,83.0,9.0,598.0,430.0,16664.0,66.0,7250.0,471.0,,74.0,1564.0
Приморский край,2023,382185.0,,,,,,,,,,,,,,,,,,,,5765.0,4586.1,,,9.0,598.0,430.0,16664.0,66.0,7250.0,,,228.0,5876.0
Приморский край,2024,122610.0,1602.0,1459.0,17.0,,,,,,,29.0,1.0,,,,,1114.9193,122.9179,5898.1,876.752,5801.4,4559.3,49.0,4060.0,,,,,,,504.0,,230.0,6172.0
Псковская область,2021,,,,,,,,,,,,,,,,,,,,,,,,,,,,,,,,,43.0,1654.0
Псковская область,2022,115502.0,487.0,449.0,5.0,,,16.0,360.0,,,5.0,,7062.0,5588.0,218683.0,,692.11,95.01,6063.7,1523.4,13810.4,6677.8,25.0,2.0,49.0,83.0,1069.0,2422.0,626.0,806.0,304.0,,45.0,1628.0
Псковская область,2023,107965.0,,,,,,,,,,,,,,,,,,,,13266.5,7211.1,,,49.0,83.0,1069.0,2422.0,626.0,806.0,,,75.0,2217.0
Псковская область,2024,96886.0,501.0,452.0,7.0,,,,,,,8.0,,,,,,764.2001,86.8313,6593.9,1612.37,13286.1,7515.7,11.0,2664.0,,,,,,,330.0,,85.0,2422.0
Республика Адыгея,2021,,,,,,,,,,,,,,,,,,,,,,,,,,,,,,,,,57.0,1368.0
Республика Адыгея,2022,361820.0,661.0,648.0,10.0,,,63.0,1267.0,,,,,201.0,173.0,344319.0,,455.5,127.3,2718.5,1435.6,2477.3,2179.2,,,,,,,,,175.0,,62.0,1505.0
Республика Адыгея,2023,437204.0,,,,,,,,,,,,,,,,,,,,2470.2,2173.6,,,,,,,,,,,80.0,1769.0
Республика Адыгея,2024,239432.0,689.0,662.0,10.0,,,,,,,,,,,,,533.41,82.117,2559.6,1603.3,2453.1,2150.1,,,,,,,,,173.0,,86.0,2563.0
Республика Адыгея (Адыгея),2022,,,,,,,,,,,,,,,,,,,,,,,76.0,66.0,5.0,145.0,96.0,4026.0,61.0,1960.0,,,,
Республика Адыгея (Адыгея),2023,,,,,,,,,,,,,,,,,,,,,,,,,5.0,145.0,96.0,4026.0,61.0,1960.0,,,,
Республика Адыгея (Адыгея),2024,,,,,,,,,,,,,,,,,,,,,,,78.0,7683.0,,,,,,,,,,
Республика Алтай,2021,,,,,,,,,,,,,,,,,,,,,,,,,,,,,,,,,275.0,4687.0
Республика Алтай,2022,319749.0,355.0,341.0,10.0,,,34.0,961.0,,,3.0,,212.0,197.0,122398.0,,452.04,90.16,2688.0,567.7,2687.2,1516.9,136.0,37.0,18.0,217.0,635.0,5323.0,517.0,3206.0,215.0,,317.0,5448.0
Республика Алтай,2023,327680.0,,,,,,,,,,,,,,,,,,,,2759.1,1518.2,,,18.0,217.0,635.0,5323.0,517.0,3206.0,,,353.0,6531.0
Республика Алтай,2024,344668.0,365.0,353.0,11.0,,,,,,,3.0,,,,,,423.84,77.0767,2808.4,690.95,2795.0,1557.1,132.0,9020.0,,,,,,,216.0,,456.0,7551.0
Республика Башкортостан,2021,,,,,,,,,,,,,,,,,,,,,,,,,,,,,,,,,323.0,11330.0
Республика Башкортостан,2022,1254217.0,6704.0,6385.0,46.0,,,255.0,10993.0,,,231.0,14.0,4313.0,4014.0,1311472.0,,3467.7,469.45,21443.2,16880.6,26611.2,23176.2,834.0,401.0,114.0,1396.0,2612.0,51130.0,1566.0,27622.0,2462.0,,323.0,11805.0
Республика Башкортостан,2023,1397831.0,,,,,,,,,,,,,,,,,,,,26997.4,23592.8,,,114.0,1396.0,2612.0,51130.0,1566.0,27622.0,,,340.0,11664.0
Республика Башкортостан,2024,1741018.0,6922.0,6591.0,52.0,,,,,,,297.0,15.0,,,,,3232.0263,496.2691,21973.5,17578.693,27891.0,24257.7,778.0,56886.0,,,,,,,2390.0,,367.0,12220.0
Республика Бурятия,2021,,,,,,,,,,,,,,,,,,,,,,,,,,,,,,,,,206.0,3669.0
Республика Бурятия,2022,1999734.0,874.0,824.0,44.0,,,101.0,3780.0,,,84.0,5.0,522.0,474.0,118949.0,,755.94,140.79,5404.7,1468.0,9212.0,3991.7,327.0,238.0,15.0,502.0,378.0,11830.0,230.0,6471.0,336.0,,193.0,3594.0
Республика Бурятия,2023,909197.0,,,,,,,,,,,,,,,,,,,,9347.0,4187.0,,,15.0,502.0,378.0,11830.0,230.0,6471.0,,,281.0,4723.0
Республика Бурятия,2024,987444.0,853.0,793.0,53.0,,,,,,,111.0,8.0,,,,,2720.4102,1206.4966,25857.9,1476.844,9273.2,4120.0,318.0,19812.0,,,,,,,445.0,,324.0,5265.0
Республика Дагестан,2021,,,,,,,,,,,,,,,,,,,,,,,,,,,,,,,,,40.0,1301.0
Республика Дагестан,2022,2918034.0,2807.0,2594.0,130.0,,,98.0,1974.0,,,155.0,21.0,1282.0,528.0,415729.0,,756.33,279.47,15008.7,5779.8,17227.7,8492.3,622.0,556.0,125.0,1337.0,3506.0,25413.0,2133.0,12659.0,1303.0,,52.0,1630.0
Республика Дагестан,2023,835929.0,,,,,,,,,,,,,,,,,,,,18218.2,10700.0,,,125.0,1337.0,3506.0,25413.0,2133.0,12659.0,,,89.0,1875.0
Республика Дагестан,2024,865339.0,3039.0,2898.0,156.0,,,,,,,195.0,22.0,,,,,2089.352,652.289,16074.8,6483.9,18960.2,11319.8,646.0,47668.0,,,,,,,1264.0,,107.0,2055.0
Республика Ингушетия,2021,,,,,,,,,,,,,,,,,,,,,,,,,,,,,,,,,3.0,
Республика Ингушетия,2022,89778.0,142.0,41.0,5.0,,,5.0,72.0,,,3.0,,32.0,12.0,28331.0,,49.6,16.68,1522.5,419.6,2645.1,1574.3,40.0,34.0,4.0,76.0,36.0,1739.0,20.0,1238.0,41.0,,3.0,
Республика Ингушетия,2023,140086.0,,,,,,,,,,,,,,,,,,,,2648.5,1587.2,,,4.0,76.0,36.0,1739.0,20.0,1238.0,,,3.0,
Республика Ингушетия,2024,154455.0,140.0,47.0,5.0,,,,,,,3.0,,,,,,42.07,31.28,1524.4,421.4,2659.4,1647.1,46.0,11996.0,,,,,,,47.0,,3.0,
Республика Калмыкия,2021,,,,,,,,,,,,,,,,,,,,,,,,,,,,,,,,,18.0,205.0
Республика Калмыкия,2022,96497.0,269.0,248.0,14.0,,,17.0,353.0,,,16.0,,149.0,115.0,3822.0,,147.1,28.2,1473.0,517.3,2840.4,1768.2,85.0,66.0,4.0,276.0,217.0,14310.0,136.0,4914.0,110.0,,19.0,209.0
Республика Калмыкия,2023,185455.0,,,,,,,,,,,,,,,,,,,,2843.7,1761.4,,,4.0,276.0,217.0,14310.0,136.0,4914.0,,,19.0,216.0
Республика Калмыкия,2024,463391.0,286.0,258.0,6.0,,,,,,,32.0,,,,,,139.32,18.28,1514.0,561.0,3087.7,1843.2,90.0,3868.0,,,,,,,144.0,,20.0,241.0
Республика Карелия,2021,,,,,,,,,,,,,,,,,,,,,,,,,,,,,,,,,107.0,1370.0
Республика Карелия,2022,112344.0,371.0,347.0,30.0,,,13.0,369.0,,,13.0,1.0,523.0,522.0,79295.0,,385.09,120.66,2245.9,1557.8,2248.6,1132.3,84.0,18.0,3.0,89.0,202.0,3219.0,79.0,766.0,113.0,,112.0,1499.0
Республика Карелия,2023,33609.0,,,,,,,,,,,,,,,,,,,,2332.1,1165.3,,,3.0,89.0,202.0,3219.0,79.0,766.0,,,149.0,1948.0
Республика Карелия,2024,23281.0,321.0,303.0,25.0,,,,,,,13.0,,,,,,397.526,143.8511,1998.9,1337.475,2382.1,1202.7,65.0,2715.0,,,,,,,119.0,,165.0,2285.0
Республика Коми,2021,,,,,,,,,,,,,,,,,,,,,,,,,,,,,,,,,31.0,653.0
Республика Коми,2022,99877.0,741.0,700.0,13.0,,,21.0,660.0,,,28.0,3.0,615.0,617.0,35414.0,,368.24,65.37,2841.8,2067.0,1660.9,1321.1,165.0,86.0,35.0,250.0,426.0,12902.0,229.0,5658.0,321.0,,21.0,547.0
Республика Коми,2023,510409.0,,,,,,,,,,,,,,,,,,,,1779.3,1389.3,,,35.0,250.0,426.0,12902.0,229.0,5658.0,,,30.0,670.0
Республика Коми,2024,650317.0,879.0,839.0,16.0,,,,,,,29.0,4.0,,,,,489.1842,59.3986,3016.4,2232.35,1853.4,1470.4,153.0,6663.0,,,,,,,349.0,,31.0,677.0
Республика Крым,2021,,,,,,,,,,,,,,,,,,,,,,,,,,,,,,,,,396.0,13246.0
Республика Крым,2022,720932.0,1976.0,1892.0,12.0,,,85.0,1651.0,,,39.0,2.0,982.0,643.0,756557.0,,2056.06,330.73,7198.3,2791.5,7037.9,4434.1,287.0,204.0,,,,,,,736.0,,394.0,13275.0
Республика Крым,2023,622483.0,,,,,,,,,,,,,,,,,,,,7244.5,4534.9,,,,,,,,,,,771.0,36994.0
Республика Крым,2024,934847.0,2236.0,2139.0,13.0,,,,,,,39.0,6.0,,,,,2682.44,468.23,7953.8,5502.1,7710.2,4683.6,297.0,31193.0,,,,,,,746.0,,830.0,39510.0
Республика Марий Эл,2021,,,,,,,,,,,,,,,,,,,,,,,,,,,,,,,,,32.0,1852.0
Республика Марий Эл,2022,102746.0,1212.0,1137.0,14.0,,,57.0,1065.0,,,15.0,3.0,1527.0,1465.0,227186.0,,535.86,54.65,4297.6,3102.3,4211.3,1127.7,161.0,71.0,1.0,86.0,19.0,5626.0,9.0,2846.0,277.0,,36.0,1949.0
Республика Марий Эл,2023,56465.0,,,,,,,,,,,,,,,,,,,,4077.3,1119.8,,,1.0,86.0,19.0,5626.0,9.0,2846.0,,,44.0,1995.0
Республика Марий Эл,2024,66586.0,1144.0,1065.0,14.0,,,,,,,11.0,1.0,,,,,597.805,59.121,3944.9,3016.1,4072.4,1152.2,155.0,5705.0,,,,,,,274.0,,56.0,2205.0
Республика Мордовия,2021,,,,,,,,,,,,,,,,,,,,,,,,,,,,,,,,,21.0,628.0
Республика Мордовия,2022,173123.0,1115.0,1093.0,11.0,,,5.0,202.0,,,13.0,,1122.0,1076.0,146674.0,,732.15,153.81,5925.7,2582.9,6714.6,2049.6,97.0,45.0,2.0,292.0,58.0,8124.0,34.0,3770.0,492.0,,21.0,629.0
Республика Мордовия,2023,97175.0,,,,,,,,,,,,,,,,,,,,6772.9,2077.7,,,2.0,292.0,58.0,8124.0,34.0,3770.0,,,42.0,805.0
Республика Мордовия,2024,105535.0,903.0,876.0,12.0,,,,,,,19.0,1.0,,,,,783.8222,167.0274,6076.5,2615.74,6750.9,2115.5,101.0,4084.0,,,,,,,462.0,,56.0,1208.0
Республика Саха (Якутия),2021,,,,,,,,,,,,,,,,,,,,,,,,,,,,,,,,,38.0,190.0
Республика Саха (Якутия),2022,1062633.0,1017.0,957.0,60.0,,,63.0,1971.0,,,100.0,7.0,379.0,434.0,183248.0,,765.36,807.3,4828.7,2986.2,9168.6,3188.8,469.0,290.0,88.0,2571.0,1467.0,31423.0,968.0,16298.0,433.0,,36.0,221.0
Республика Саха (Якутия),2023,1321065.0,,,,,,,,,,,,,,,,,,,,9878.6,3739.8,,,88.0,2571.0,1467.0,31423.0,968.0,16298.0,,,76.0,524.0
Республика Саха (Якутия),2024,2767053.0,1064.0,977.0,70.0,,,,,,,106.0,8.0,,,,,895.304,616.316,5375.6,3363.591,9781.6,3694.0,470.0,20129.0,,,,,,,454.0,,78.0,509.0
Республика Северная Осетия- Алания,2022,,,,,,,,,,,,,,,,,,,,,,,,,5.0,103.0,69.0,2604.0,38.0,1065.0,,,,
Республика Северная Осетия- Алания,2023,,,,,,,,,,,,,,,,,,,,,,,,,5.0,103.0,69.0,2604.0,38.0,1065.0,,,,
Республика Северная Осетия-Алания,2021,,,,,,,,,,,,,,,,,,,,,,,,,,,,,,,,,17.0,731.0
Республика Северная Осетия-Алания,2022,34688.0,404.0,400.0,3.0,,,4.0,60.0,,,,,150.0,135.0,111698.0,,173.79,29.97,2229.4,983.1,3843.0,3106.2,92.0,84.0,,,,,,,111.0,,17.0,717.0
Республика Северная Осетия-Алания,2023,56262.0,,,,,,,,,,,,,,,,,,,,3881.3,3023.1,,,,,,,,,,,22.0,1001.0
Республика Северная Осетия-Алания,2024,36434.0,451.0,445.0,5.0,,,,,,,,,,,,,226.8,58.566,2407.2,1082.1,3858.4,2995.0,94.0,7665.0,,,,,,,123.0,,25.0,1027.0
Республика Татарстан,2021,,,,,,,,,,,,,,,,,,,,,,,,,,,,,,,,,104.0,4992.0
Республика Татарстан,2022,643989.0,3915.0,3826.0,21.0,,,75.0,2026.0,,,68.0,8.0,2681.0,2675.0,1093077.0,,880.53,259.61,13572.6,10962.3,17960.8,10421.8,,,,,,,,,1636.0,,128.0,6149.0
Республика Татарстан,2023,832933.0,,,,,,,,,,,,,,,,,,,,18464.2,10870.9,,,,,,,,,,,180.0,7185.0
Республика Татарстан,2024,922155.0,4887.0,4619.0,45.0,,,,,,,109.0,11.0,,,,,2569.654,795.2176,16864.7,13831.83,18353.4,11015.2,,,,,,,,,1884.0,,190.0,7158.0
Республика Татарстан (Татарстан),2022,,,,,,,,,,,,,,,,,,,,,,,907.0,674.0,45.0,1830.0,279.0,31820.0,183.0,16608.0,,,,
Республика Татарстан (Татарстан),2023,,,,,,,,,,,,,,,,,,,,,,,,,45.0,1830.0,279.0,31820.0,183.0,16608.0,,,,
Республика Татарстан (Татарстан),2024,,,,,,,,,,,,,,,,,,,,,,,904.0,29097.0,,,,,,,,,,
Республика Тыва,2021,,,,,,,,,,,,,,,,,,,,,,,,,,,,,,,,,67.0,865.0
Республика Тыва,2022,138555.0,542.0,505.0,55.0,,,24.0,936.0,,,63.0,10.0,121.0,102.0,31841.0,,11.02,1.76,1438.0,614.6,5446.9,507.8,151.0,117.0,7.0,131.0,188.0,1913.0,115.0,667.0,122.0,,60.0,745.0
Республика Тыва,2023,71359.0,,,,,,,,,,,,,,,,,,,,5497.2,507.8,,,7.0,131.0,188.0,1913.0,115.0,667.0,,,73.0,841.0
Республика Тыва,2024,167207.0,491.0,472.0,14.0,,,,,,,57.0,5.0,,,,,49.74,7.4751,1663.5,712.9,5490.4,508.3,149.0,10602.0,,,,,,,133.0,,79.0,813.0
Республика Хакасия,2021,,,,,,,,,,,,,,,,,,,,,,,,,,,,,,,,,57.0,1794.0
Республика Хакасия,2022,512504.0,649.0,615.0,8.0,,,32.0,1074.0,,,,,267.0,262.0,104753.0,,306.39,24.27,3216.1,1454.2,3977.9,2363.6,136.0,72.0,,35.0,12.0,1088.0,4.0,455.0,184.0,,71.0,1884.0
Республика Хакасия,2023,275920.0,,,,,,,,,,,,,,,,,,,,3988.8,2365.0,,,,35.0,12.0,1088.0,4.0,455.0,,,90.0,2175.0
Республика Хакасия,2024,442631.0,681.0,639.0,11.0,,,,,,,,,,,,,374.2125,33.8836,3306.0,1588.887,3921.4,2356.6,138.0,6737.0,,,,,,,185.0,,102.0,2327.0
Ростовская область,2021,,,,,,,,,,,,,,,,,,,,,,,,,,,,,,,,,149.0,4034.0
Ростовская область,2022,1157421.0,4855.0,4660.0,30.0,,,340.0,9651.0,,,3.0,1.0,2190.0,1974.0,734376.0,,2612.9,511.75,17402.3,9351.6,19769.0,13022.1,746.0,626.0,111.0,1574.0,2362.0,57563.0,1165.0,26552.0,1171.0,,176.0,4589.0
Ростовская область,2023,1032231.0,,,,,,,,,,,,,,,,,,,,19791.6,13139.6,,,111.0,1574.0,2362.0,57563.0,1165.0,26552.0,,,197.0,5554.0
Ростовская область,2024,1298916.0,5090.0,4875.0,41.0,,,,,,,21.0,,,,,,2926.8838,570.8201,17812.1,9872.86,19981.5,13338.3,729.0,37594.0,,,,,,,1201.0,,203.0,5453.0
Рязанская область,2021,,,,,,,,,,,,,,,,,,,,,,,,,,,,,,,,,46.0,1524.0
Рязанская область,2022,157769.0,1423.0,1275.0,18.0,,,43.0,728.0,,,18.0,1.0,2352.0,1533.0,314149.0,,1084.78,156.2,7196.3,3413.7,7852.1,2981.8,161.0,89.0,4.0,375.0,188.0,8450.0,142.0,4694.0,586.0,,68.0,2089.0
Рязанская область,2023,166221.0,,,,,,,,,,,,,,,,,,,,7843.5,3034.8,,,4.0,375.0,188.0,8450.0,142.0,4694.0,,,80.0,2194.0
Рязанская область,2024,154059.0,1448.0,1290.0,29.0,,,,,,,16.0,1.0,,,,,1192.837,207.9199,7062.4,3561.45,7921.4,3126.2,135.0,5022.0,,,,,,,562.0,,90.0,2467.0
Самарская область,2021,,,,,,,,,,,,,,,,,,,,,,,,,,,,,,,,,100.0,4552.0
Самарская область,2022,1550212.0,1942.0,1835.0,24.0,,,91.0,2784.0,,,126.0,9.0,1232.0,1074.0,736611.0,,1521.64,314.21,18024.9,8551.6,29997.6,6914.4,135.0,5.0,92.0,535.0,1714.0,28082.0,851.0,15336.0,697.0,,118.0,4641.0
Самарская область,2023,742905.0,,,,,,,,,,,,,,,,,,,,31071.4,7712.0,,,92.0,535.0,1714.0,28082.0,851.0,15336.0,,,134.0,5096.0
Самарская область,2024,1121875.0,2063.0,1920.0,25.0,,,,,,,127.0,8.0,,,,,989.3557,176.1795,18226.1,8897.615,30984.1,7684.4,118.0,23272.0,,,,,,,733.0,,144.0,5324.0
Саратовская область,2021,,,,,,,,,,,,,,,,,,,,,,,,,,,,,,,,,93.0,3086.0
Саратовская область,2022,330405.0,1784.0,1760.0,9.0,,,51.0,1611.0,,,7.0,,1308.0,1304.0,98907.0,,484.65,59.9,8047.5,4135.0,12904.1,5974.7,391.0,231.0,17.0,422.0,424.0,12487.0,177.0,4221.0,752.0,,89.0,2710.0
Саратовская область,2023,196421.0,,,,,,,,,,,,,,,,,,,,13470.5,6369.2,,,17.0,422.0,424.0,12487.0,177.0,4221.0,,,110.0,3261.0
Саратовская область,2024,188325.0,2287.0,2242.0,17.0,,,,,,,38.0,1.0,,,,,1075.369,230.492,9446.1,5369.765,13559.4,6505.7,328.0,9633.0,,,,,,,855.0,,114.0,3370.0
Сахалинская область,2022,793587.0,329.0,316.0,3.0,,,5.0,164.0,,,,,135.0,133.0,83185.0,,161.61,31.55,905.6,447.0,1158.6,375.6,,,,8.0,,121.0,,76.0,100.0,,,
Сахалинская область,2023,,,,,,,,,,,,,,,,,,,,,1059.8,328.8,,,,8.0,,121.0,,76.0,,,35.0,435.0
Сахалинская область,2024,,478.0,462.0,7.0,,,,,,,,,,,,,309.3057,53.7628,970.8,474.001,1056.2,343.7,,,,,,,,,108.0,,51.0,607.0
Свердловская область,2021,,,,,,,,,,,,,,,,,,,,,,,,,,,,,,,,,3.0,
Свердловская область,2022,1803332.0,2194.0,1970.0,45.0,,,148.0,5360.0,,,48.0,4.0,1368.0,1418.0,473780.0,,1381.03,212.99,12035.5,6836.0,11080.7,6361.4,54.0,46.0,11.0,86.0,234.0,2614.0,133.0,1246.0,709.0,,3.0,
Свердловская область,2023,195860.0,,,,,,,,,,,,,,,,,,,,12286.2,7223.3,,,11.0,86.0,234.0,2614.0,133.0,1246.0,,,137.0,5362.0
Свердловская область,2024,502226.0,2495.0,2328.0,47.0,,,,,,,33.0,9.0,,,,,1943.2392,267.5147,11754.9,7514.976,12446.8,7439.2,52.0,2673.0,,,,,,,742.0,,149.0,5550.0
Смоленская область,2021,,,,,,,,,,,,,,,,,,,,,,,,,,,,,,,,,42.0,1050.0
Смоленская область,2022,191301.0,1144.0,1044.0,7.0,,,60.0,1693.0,,,,,3868.0,3359.0,122484.0,,505.82,66.57,8624.7,3456.3,14159.4,6121.0,137.0,60.0,25.0,731.0,607.0,24771.0,198.0,9502.0,480.0,,43.0,1093.0
Смоленская область,2023,110805.0,,,,,,,,,,,,,,,,,,,,14149.8,6318.3,,,25.0,731.0,607.0,24771.0,198.0,9502.0,,,52.0,1507.0
Смоленская область,2024,289847.0,1124.0,1025.0,7.0,,,,,,,1.0,,,,,,484.26,76.482,8486.1,3666.7,14073.5,6416.5,130.0,4542.0,,,,,,,466.0,,57.0,1616.0
Ставропольский край,2022,570474.0,2253.0,2123.0,23.0,,,122.0,3467.0,,,34.0,7.0,684.0,641.0,252872.0,,2702.92,314.51,10468.5,5870.2,11315.8,9357.5,,,37.0,685.0,691.0,21086.0,297.0,9179.0,619.0,,,
Ставропольский край,2023,,,,,,,,,,,,,,,,,,,,,11369.1,9424.8,,,37.0,685.0,691.0,21086.0,297.0,9179.0,,,90.0,1861.0
Ставропольский край,2024,,2327.0,2167.0,30.0,,,,,,,65.0,6.0,,,,,1848.256,185.4605,10324.9,6378.027,11452.0,9503.4,,,,,,,,,619.0,,100.0,2308.0
Тамбовская область,2021,,,,,,,,,,,,,,,,,,,,,,,,,,,,,,,,,37.0,902.0
Тамбовская область,2022,217834.0,2618.0,2518.0,13.0,,,57.0,1109.0,,,15.0,1.0,1474.0,1410.0,167755.0,,812.13,124.18,9413.3,2631.3,15472.8,6480.4,263.0,38.0,5.0,169.0,157.0,19798.0,42.0,10926.0,581.0,,50.0,1173.0
Тамбовская область,2023,155366.0,,,,,,,,,,,,,,,,,,,,15212.6,6402.1,,,5.0,169.0,157.0,19798.0,42.0,10926.0,,,69.0,1841.0
Тамбовская область,2024,,2501.0,2422.0,12.0,,,,,,,6.0,,,,,,841.61,112.91,9275.3,2706.78,15104.3,6325.6,,,,,,,,,578.0,,82.0,1861.0
Тверская область,2021,,,,,,,,,,,,,,,,,,,,,,,,,,,,,,,,,91.0,3647.0
Тверская область,2022,271649.0,1657.0,1488.0,18.0,,,21.0,568.0,,,26.0,1.0,7671.0,5539.0,426792.0,,1141.29,225.89,10268.6,5194.9,17071.8,4496.6,121.0,70.0,22.0,228.0,465.0,9227.0,231.0,3932.0,635.0,,95.0,3586.0
Тверская область,2023,116956.0,,,,,,,,,,,,,,,,,,,,16787.9,4473.5,,,22.0,228.0,465.0,9227.0,231.0,3932.0,,,171.0,6600.0
Тверская область,2024,2473.0,1691.0,1500.0,16.0,,,,,,,21.0,1.0,,,,,674.4587,83.6323,10681.7,5881.5,16958.1,4312.2,4.0,162.0,,,,,,,657.0,,191.0,6918.0
Томская область,2021,,,,,,,,,,,,,,,,,,,,,,,,,,,,,,,,,59.0,1478.0
Томская область,2022,216278.0,941.0,906.0,16.0,,,35.0,954.0,,,4.0,,470.0,448.0,236521.0,,433.78,76.68,4445.5,3371.5,5679.5,3234.3,207.0,66.0,59.0,489.0,1015.0,19933.0,603.0,9364.0,298.0,,61.0,1519.0
Томская область,2023,247301.0,,,,,,,,,,,,,,,,,,,,5726.9,3289.9,,,59.0,489.0,1015.0,19933.0,603.0,9364.0,,,64.0,1496.0
Томская область,2024,447654.0,1003.0,970.0,57.0,,,,,,,16.0,2.0,,,,,526.7352,94.9813,4414.1,3488.55,5715.3,3347.2,196.0,11713.0,,,,,,,299.0,,62.0,1409.0
Тульская область,2021,,,,,,,,,,,,,,,,,,,,,,,,,,,,,,,,,42.0,1973.0
Тульская область,2022,459248.0,660.0,618.0,6.0,,,20.0,586.0,,,32.0,4.0,2478.0,2251.0,167843.0,,1255.97,131.67,4706.4,1704.6,7192.1,3796.8,119.0,43.0,9.0,105.0,196.0,4099.0,76.0,1513.0,232.0,,47.0,2333.0
Тульская область,2023,112317.0,,,,,,,,,,,,,,,,,,,,7779.7,4127.7,,,9.0,105.0,196.0,4099.0,76.0,1513.0,,,76.0,3262.0
Тульская область,2024,120235.0,666.0,616.0,7.0,,,,,,,35.0,4.0,,,,,1417.843,137.4474,4977.2,1975.46,6970.0,3224.7,113.0,4027.0,,,,,,,324.0,,85.0,3077.0
Тюменская область,2021,,,,,,,,,,,,,,,,,,,,,,,,,,,,,,,,,125.0,3540.0
Тюменская область,2022,5832471.0,3259.0,3014.0,38.0,,,114.0,5862.0,,,19.0,1.0,1276.0,1131.0,1179373.0,,2073.0,288.71,9220.0,6889.3,9262.4,5366.9,261.0,58.0,521.0,5843.0,7592.0,102939.0,4442.0,69798.0,771.0,,123.0,3714.0
Тюменская область,2023,2939995.0,,,,,,,,,,,,,,,,,,,,9382.4,5511.0,,,521.0,5843.0,7592.0,102939.0,4442.0,69798.0,,,178.0,4285.0
Тюменская область,2024,3860222.0,3453.0,3160.0,43.0,,,,,,,14.0,1.0,,,,,1768.4051,290.117,9451.5,7525.4763,9466.3,5573.4,247.0,29752.0,,,,,,,873.0,,171.0,4341.0
Тюменская область (кроме Ханты-Мансийского автономного округа и Ямало-Ненецкого автономного округа),2022,,,,,,,,,,,,,,,,,,,,,,,,,162.0,2068.0,2432.0,47872.0,1521.0,31439.0,,,,
Тюменская область (кроме Ханты-Мансийского автономного округа и Ямало-Ненецкого автономного округа),2023,,,,,,,,,,,,,,,,,,,,,,,,,162.0,2068.0,2432.0,47872.0,1521.0,31439.0,,,,
Тюменская область (кроме Ханты-Мансийского автономного округа-Югры и Ямало-Ненецкого автономного округа),2021,,,,,,,,,,,,,,,,,,,,,,,,,,,,,,,,,97.0,3147.0
Тюменская область (кроме Ханты-Мансийского автономного округа-Югры и Ямало-Ненецкого автономного округа),2022,1789438.0,1823.0,1703.0,19.0,,,66.0,2493.0,,,13.0,1.0,1105.0,932.0,928362.0,,972.92,117.78,6806.4,5025.9,,,164.0,18.0,,,,,,,565.0,,100.0,3356.0
Тюменская область (кроме Ханты-Мансийского автономного округа-Югры и Ямало-Ненецкого автономного округа),2023,2038478.0,,,,,,,,,,,,,,,,,,,,,,,,,,,,,,,,112.0,3313.0
Тюменская область (кроме Ханты-Мансийского автономного округа-Югры и Ямало-Ненецкого автономного округа),2024,2924877.0,1921.0,1780.0,21.0,,,,,,,11.0,1.0,,,,,693.674,140.066,7026.8,5567.093,,,159.0,23989.0,,,,,,,661.0,,109.0,3178.0
Тюменская область без автономных округов,2022,,,,,,,,,,,,,,,,,,,,,7373.4,4235.3,,,,,,,,,,,,
Тюменская область без автономных округов,2023,,,,,,,,,,,,,,,,,,,,,7424.2,4309.2,,,,,,,,,,,,
Тюменская область без автономных округов,2024,,,,,,,,,,,,,,,,,,,,,7481.0,4354.8,,,,,,,,,,,,
Удмуртская Республика,2021,,,,,,,,,,,,,,,,,,,,,,,,,,,,,,,,,92.0,2202.0
Удмуртская Республика,2022,268898.0,1724.0,1663.0,27.0,,,130.0,5384.0,,,47.0,2.0,1783.0,1714.0,381701.0,,1344.8,175.88,8152.5,5384.9,9186.7,3518.4,,,76.0,714.0,1611.0,38979.0,1033.0,26138.0,658.0,,,
Удмуртская Республика,2023,,,,,,,,,,,,,,,,,,,,,9231.3,3663.4,,,76.0,714.0,1611.0,38979.0,1033.0,26138.0,,,96.0,2396.0
Удмуртская Республика,2024,,1742.0,1637.0,40.0,,,,,,,39.0,4.0,,,,,725.662,136.289,7825.8,5905.43,9502.4,3869.5,,,,,,,,,670.0,,105.0,2410.0
Ульяновская область,2021,,,,,,,,,,,,,,,,,,,,,,,,,,,,,,,,,46.0,2470.0
Ульяновская область,2022,131200.0,1476.0,1405.0,17.0,,,62.0,2901.0,,,24.0,6.0,857.0,836.0,183670.0,,1237.67,234.56,6535.4,3385.3,6725.2,3285.7,169.0,45.0,9.0,153.0,375.0,7392.0,195.0,2899.0,556.0,,48.0,2442.0
Ульяновская область,2023,41864.0,,,,,,,,,,,,,,,,,,,,6772.8,3362.1,,,9.0,153.0,375.0,7392.0,195.0,2899.0,,,85.0,3092.0
Ульяновская область,2024,77564.0,1442.0,1379.0,18.0,,,,,,,23.0,6.0,,,,,1212.42,272.98,6749.8,3571.8,6876.7,3379.6,164.0,4410.0,,,,,,,558.0,,82.0,3151.0
Хабаровский край,2021,,,,,,,,,,,,,,,,,,,,,,,,,,,,,,,,,44.0,1144.0
Хабаровский край,2022,66793.0,813.0,707.0,11.0,,,64.0,1454.0,,,8.0,1.0,327.0,290.0,116617.0,,553.32,114.79,3494.5,1746.6,3926.1,2949.2,191.0,130.0,43.0,319.0,708.0,19164.0,413.0,11094.0,288.0,,43.0,1095.0
Хабаровский край,2023,499152.0,,,,,,,,,,,,,,,,,,,,4135.1,3049.7,,,43.0,319.0,708.0,19164.0,413.0,11094.0,,,66.0,1683.0
Хабаровский край,2024,598432.0,880.0,774.0,10.0,,,,,,,9.0,1.0,,,,,515.1977,111.2246,3446.9,1897.0,4293.1,3219.5,186.0,9289.0,,,,,,,290.0,,76.0,1759.0
Ханты-Мансийский автономный округ,2022,,,,,,,,,,,,,,,,,,,,,1431.1,775.7,,,,,,,,,,,,
Ханты-Мансийский автономный округ,2023,,,,,,,,,,,,,,,,,,,,,1460.3,807.4,,,,,,,,,,,,
Ханты-Мансийский автономный округ,2024,,,,,,,,,,,,,,,,,,,,,1477.4,810.5,,,,,,,,,,,,
Ханты-Мансийский автономный округ — Югра,2021,,,,,,,,,,,,,,,,,,,,,,,,,,,,,,,,,19.0,325.0
Ханты-Мансийский автономный округ — Югра,2022,1655072.0,1016.0,942.0,12.0,,,28.0,843.0,,,1.0,,127.0,140.0,207999.0,,758.89,106.36,1903.2,1477.2,,,91.0,35.0,118.0,2683.0,1544.0,28794.0,782.0,18810.0,144.0,,20.0,
Ханты-Мансийский автономный округ — Югра,2023,901517.0,,,,,,,,,,,,,,,,,,,,,,,,118.0,2683.0,1544.0,28794.0,782.0,18810.0,,,43.0,704.0
Ханты-Мансийский автономный округ — Югра,2024,935345.0,1106.0,1011.0,13.0,,,,,,,,,,,,,741.0391,84.1481,1950.5,1562.87,,,88.0,5763.0,,,,,,,148.0,,41.0,896.0
Челябинская область,2021,,,,,,,,,,,,,,,,,,,,,,,,,,,,,,,,,131.0,5666.0
Челябинская область,2022,1033849.0,2217.0,2118.0,20.0,,,84.0,3685.0,,,27.0,2.0,1119.0,855.0,660175.0,,968.01,132.98,10310.6,6426.9,11648.9,6984.3,495.0,388.0,30.0,571.0,585.0,22542.0,239.0,9927.0,803.0,,129.0,5607.0
Челябинская область,2023,2033389.0,,,,,,,,,,,,,,,,,,,,11806.1,7557.2,,,30.0,571.0,585.0,22542.0,239.0,9927.0,,,181.0,7313.0
Челябинская область,2024,1502784.0,2287.0,2194.0,19.0,,,,,,,30.0,2.0,,,,,1449.563,163.8881,11017.9,7548.0,12015.1,7694.2,451.0,23538.0,,,,,,,799.0,,190.0,7251.0
Чеченская Республика,2021,,,,,,,,,,,,,,,,,,,,,,,,,,,,,,,,,21.0,
Чеченская Республика,2022,235095.0,1353.0,1128.0,29.0,,,25.0,653.0,,,22.0,2.0,348.0,40.0,1115598.0,,847.82,167.3,6892.7,1203.9,7009.2,5125.0,290.0,289.0,12.0,2029.0,663.0,53796.0,348.0,37219.0,292.0,,23.0,
Чеченская Республика,2023,218486.0,,,,,,,,,,,,,,,,,,,,7225.4,5244.9,,,12.0,2029.0,663.0,53796.0,348.0,37219.0,,,26.0,
Чеченская Республика,2024,181342.0,1428.0,1192.0,34.0,,,,,,,20.0,4.0,,,,,893.78,175.326,6929.8,1236.7,7076.0,5215.7,294.0,47781.0,,,,,,,289.0,,34.0,
Чувашская Республика,2021,,,,,,,,,,,,,,,,,,,,,,,,,,,,,,,,,51.0,1616.0
Чувашская Республика,2022,408170.0,2205.0,2129.0,18.0,,,65.0,2547.0,,,38.0,3.0,1688.0,1669.0,428871.0,,710.29,118.11,6886.9,5726.4,9678.0,5684.7,256.0,94.0,18.0,994.0,278.0,40970.0,142.0,18385.0,704.0,,46.0,1613.0
Чувашская Республика,2023,,,,,,,,,,,,,,,,,,,,,9692.6,5805.0,,,18.0,994.0,278.0,40970.0,142.0,18385.0,,,52.0,1562.0
Чувашская Республика,2024,,2049.0,1980.0,19.0,,,,,,,37.0,3.0,,,,,891.528,5515.4966,6618.9,5713.9,9745.1,5922.0,,,,,,,,,699.0,,50.0,1615.0
Чукотский автономный округ,2021,,,,,,,,,,,,,,,,,,,,,,,,,,,,,,,,,5.0,23.0
Чукотский автономный округ,2022,45072.0,67.0,67.0,5.0,,,2.0,22.0,,,,,36.0,36.0,2730.0,,41.81,8.31,237.3,134.6,120.4,73.4,16.0,2.0,57.0,224.0,550.0,3224.0,212.0,1733.0,40.0,,6.0,28.0
Чукотский автономный округ,2023,78041.0,,,,,,,,,,,,,,,,,,,,149.1,100.9,,,57.0,224.0,550.0,3224.0,212.0,1733.0,,,13.0,91.0
Чукотский автономный округ,2024,17713.0,70.0,70.0,5.0,,,,,,,,,,,,,56.7353,8.775,219.7,152.9,148.9,70.8,17.0,628.0,,,,,,,39.0,,11.0,121.0
Ямало-Ненецкий автономный округ,2021,,,,,,,,,,,,,,,,,,,,,,,,,,,,,,,,,9.0,68.0
Ямало-Ненецкий автономный округ,2022,,,,,,,,,,,,,,,,,,,,,457.9,355.9,,,241.0,1092.0,3616.0,26272.0,2139.0,19550.0,,,3.0,
Ямало-Ненецкий автономный округ,2023,,,,,,,,,,,,,,,,,,,,,497.9,394.4,,,241.0,1092.0,3616.0,26272.0,2139.0,19550.0,,,23.0,268.0
Ямало-Ненецкий автономный округ,2024,,,,,,,,,,,,,,,,,,,,,507.9,408.1,,,,,,,,,,,21.0,267.0
Ямало-Ненецкий автономный округ (Тюменская область),2022,2387961.0,420.0,369.0,7.0,,,20.0,2526.0,,,5.0,,44.0,59.0,43012.0,,341.19,64.57,510.4,386.2,,,6.0,5.0,,,,,,,62.0,,,
Ямало-Ненецкий автономный округ (Тюменская область),2024,,426.0,369.0,9.0,,,,,,,3.0,,,,,,333.692,65.9029,474.2,395.5133,,,,,,,,,,,64.0,,,
Ярославская область,2021,,,,,,,,,,,,,,,,,,,,,,,,,,,,,,,,,79.0,3515.0
Ярославская область,2022,488382.0,845.0,803.0,6.0,,,38.0,1085.0,,,4.0,2.0,5344.0,3161.0,461076.0,,709.48,93.58,5132.2,3537.3,9815.0,2575.4,205.0,95.0,98.0,358.0,2100.0,14233.0,771.0,6840.0,323.0,,77.0,3615.0
Ярославская область,2023,188416.0,,,,,,,,,,,,,,,,,,,,9853.8,2647.0,,,98.0,358.0,2100.0,14233.0,771.0,6840.0,,,89.0,4493.0
Ярославская область,2024,171539.0,866.0,822.0,6.0,,,,,,,5.0,2.0,,,,,770.5504,123.719,5241.3,3721.6,10165.0,2726.3,194.0,8025.0,,,,,,,345.0,,90.0,4513.0
г. Москва,2024,,350.0,103.0,3.0,,,,,,,28.0,,,,,,731.07,182.17,167.1,154.0,,,,,,,,,,,56.0,,,
г. Севастополь,2024,,21.0,18.0,,,,,,,,2.0,,,,,,,,51.0,15.0,,,,,,,,,,,8.0,,,
г.Севастополь,2023,,,,,,,,,,,,,,,,,,,,,,,,,,,,,,,,,28.0,981.0
г.Севастополь,2024,,,,,,,,,,,,,,,,,,,,,,,,,,,,,,,,,29.0,954.0
